<?xml version="1.0" encoding="utf-8"?>
<SoundBanksInfo Platform="Windows" BasePlatform="Windows" SchemaVersion="16" SoundBankVersion="150">
	<RootPaths>
		<ProjectRoot>../..</ProjectRoot>
		<SourceFilesRoot>../../.cache/Windows</SourceFilesRoot>
		<SoundBanksRoot>.</SoundBanksRoot>
		<ExternalSourcesInputFile></ExternalSourcesInputFile>
		<ExternalSourcesOutputRoot>.</ExternalSourcesOutputRoot>
	</RootPaths>
	<DialogueEvents/>
	<SoundBanks>
		<SoundBank Id="1355168291" Type="User" Language="SFX" Hash="{B7F0494B-B75F-9889-566C-A5E3454FC9F6}">
			<ShortName>Init</ShortName>
			<Path>Init.bnk</Path>
			<Plugins>
				<Custom>
					<Plugin Id="355353540" Name="Wwise_RoomVerb_(Custom)" LibName="Wwise RoomVerb" LibId="7733251"/>
				</Custom>
				<AudioDevices>
					<Plugin Id="2317455096" Name="No_Output" LibName="No Output" LibId="11862023"/>
					<Plugin Id="3859886410" Name="System" LibName="System" LibId="11403271"/>
				</AudioDevices>
			</Plugins>
			<Busses>
				<Bus Id="181270742" Name="Interactables"/>
				<Bus Id="393239870" Name="SFX">
					<AuxBusRefs>
						<AuxBusRef Id="1495464960" Name="BigRoom"/>
					</AuxBusRefs>
				</Bus>
				<Bus Id="1069431850" Name="Player"/>
				<Bus Id="1229948536" Name="Environment"/>
				<Bus Id="2299321487" Name="Enemy"/>
				<Bus Id="2385628198" Name="Footsteps"/>
				<Bus Id="2764240573" Name="Combat"/>
				<Bus Id="2981377429" Name="Ambiance"/>
				<Bus Id="3545700988" Name="Reverbs"/>
				<Bus Id="3803692087" Name="Master Audio Bus"/>
				<Bus Id="3991942870" Name="Music"/>
				<Bus Id="4015094827" Name="Mechanisms"/>
				<Bus Id="4283257371" Name="PlayerSFX"/>
			</Busses>
			<AuxBusses>
				<AuxBus Id="1495464960" Name="BigRoom">
					<PluginRefs>
						<Custom>
							<PluginRef Id="355353540"/>
						</Custom>
					</PluginRefs>
				</AuxBus>
			</AuxBusses>
			<GameParameters>
				<GameParameter Id="393239870" Name="SFX"/>
				<GameParameter Id="412724365" Name="BGM"/>
				<GameParameter Id="876875105" Name="SecretWall"/>
				<GameParameter Id="4056684167" Name="Master"/>
			</GameParameters>
			<StateGroups>
				<StateGroup Id="1069431850" Name="Player">
					<States>
						<State Id="655265632" Name="Alive"/>
						<State Id="748895195" Name="None"/>
						<State Id="1560169506" Name="Boss"/>
						<State Id="2044049779" Name="Dead"/>
					</States>
				</StateGroup>
			</StateGroups>
			<SwitchGroups>
				<SwitchGroup Id="3865314626" Name="Material">
					<Switches>
						<Switch Id="1216965916" Name="Stone"/>
						<Switch Id="2185786256" Name="Gravel"/>
					</Switches>
				</SwitchGroup>
				<SwitchGroup Id="3991942870" Name="Music">
					<Switches>
						<Switch Id="580146960" Name="Bossfight"/>
						<Switch Id="2582085496" Name="Exploration"/>
						<Switch Id="2764240573" Name="Combat"/>
					</Switches>
				</SwitchGroup>
			</SwitchGroups>
			<AcousticTextures>
				<AcousticTexture Id="504532776" Name="Brick">
					<Properties>
						<Property Name="AbsorptionLow" Type="Real32" Value="12"/>
						<Property Name="AbsorptionMidLow" Type="Real32" Value="18"/>
						<Property Name="AbsorptionMidHigh" Type="Real32" Value="23"/>
						<Property Name="AbsorptionHigh" Type="Real32" Value="35"/>
						<Property Name="Scattering" Type="Real32" Value="0"/>
					</Properties>
				</AcousticTexture>
				<AcousticTexture Id="513139656" Name="Mountain">
					<Properties>
						<Property Name="AbsorptionLow" Type="Real32" Value="0"/>
						<Property Name="AbsorptionMidLow" Type="Real32" Value="0"/>
						<Property Name="AbsorptionMidHigh" Type="Real32" Value="0"/>
						<Property Name="AbsorptionHigh" Type="Real32" Value="0"/>
						<Property Name="Scattering" Type="Real32" Value="0"/>
					</Properties>
				</AcousticTexture>
				<AcousticTexture Id="841620460" Name="Concrete">
					<Properties>
						<Property Name="AbsorptionLow" Type="Real32" Value="6"/>
						<Property Name="AbsorptionMidLow" Type="Real32" Value="6"/>
						<Property Name="AbsorptionMidHigh" Type="Real32" Value="6"/>
						<Property Name="AbsorptionHigh" Type="Real32" Value="14"/>
						<Property Name="Scattering" Type="Real32" Value="0"/>
					</Properties>
				</AcousticTexture>
				<AcousticTexture Id="1755085759" Name="Wood_Deep">
					<Properties>
						<Property Name="AbsorptionLow" Type="Real32" Value="1"/>
						<Property Name="AbsorptionMidLow" Type="Real32" Value="8"/>
						<Property Name="AbsorptionMidHigh" Type="Real32" Value="20"/>
						<Property Name="AbsorptionHigh" Type="Real32" Value="35"/>
						<Property Name="Scattering" Type="Real32" Value="0"/>
					</Properties>
				</AcousticTexture>
				<AcousticTexture Id="1873957695" Name="Anechoic">
					<Properties>
						<Property Name="AbsorptionLow" Type="Real32" Value="100"/>
						<Property Name="AbsorptionMidLow" Type="Real32" Value="100"/>
						<Property Name="AbsorptionMidHigh" Type="Real32" Value="100"/>
						<Property Name="AbsorptionHigh" Type="Real32" Value="100"/>
						<Property Name="Scattering" Type="Real32" Value="0"/>
					</Properties>
				</AcousticTexture>
				<AcousticTexture Id="1970351858" Name="Fabric">
					<Properties>
						<Property Name="AbsorptionLow" Type="Real32" Value="3"/>
						<Property Name="AbsorptionMidLow" Type="Real32" Value="13"/>
						<Property Name="AbsorptionMidHigh" Type="Real32" Value="48"/>
						<Property Name="AbsorptionHigh" Type="Real32" Value="72"/>
						<Property Name="Scattering" Type="Real32" Value="0"/>
					</Properties>
				</AcousticTexture>
				<AcousticTexture Id="2058049674" Name="Wood">
					<Properties>
						<Property Name="AbsorptionLow" Type="Real32" Value="32"/>
						<Property Name="AbsorptionMidLow" Type="Real32" Value="25"/>
						<Property Name="AbsorptionMidHigh" Type="Real32" Value="20"/>
						<Property Name="AbsorptionHigh" Type="Real32" Value="35"/>
						<Property Name="Scattering" Type="Real32" Value="0"/>
					</Properties>
				</AcousticTexture>
				<AcousticTexture Id="2412606308" Name="Carpet">
					<Properties>
						<Property Name="AbsorptionLow" Type="Real32" Value="46"/>
						<Property Name="AbsorptionMidLow" Type="Real32" Value="45"/>
						<Property Name="AbsorptionMidHigh" Type="Real32" Value="76"/>
						<Property Name="AbsorptionHigh" Type="Real32" Value="100"/>
						<Property Name="Scattering" Type="Real32" Value="0"/>
					</Properties>
				</AcousticTexture>
				<AcousticTexture Id="2637588553" Name="Tile">
					<Properties>
						<Property Name="AbsorptionLow" Type="Real32" Value="67"/>
						<Property Name="AbsorptionMidLow" Type="Real32" Value="41"/>
						<Property Name="AbsorptionMidHigh" Type="Real32" Value="12"/>
						<Property Name="AbsorptionHigh" Type="Real32" Value="0"/>
						<Property Name="Scattering" Type="Real32" Value="0"/>
					</Properties>
				</AcousticTexture>
				<AcousticTexture Id="2928161104" Name="Curtains">
					<Properties>
						<Property Name="AbsorptionLow" Type="Real32" Value="7"/>
						<Property Name="AbsorptionMidLow" Type="Real32" Value="60"/>
						<Property Name="AbsorptionMidHigh" Type="Real32" Value="0"/>
						<Property Name="AbsorptionHigh" Type="Real32" Value="84"/>
						<Property Name="Scattering" Type="Real32" Value="0"/>
					</Properties>
				</AcousticTexture>
				<AcousticTexture Id="3195498748" Name="Cork_Tiles">
					<Properties>
						<Property Name="AbsorptionLow" Type="Real32" Value="14"/>
						<Property Name="AbsorptionMidLow" Type="Real32" Value="30"/>
						<Property Name="AbsorptionMidHigh" Type="Real32" Value="73"/>
						<Property Name="AbsorptionHigh" Type="Real32" Value="100"/>
						<Property Name="Scattering" Type="Real32" Value="0"/>
					</Properties>
				</AcousticTexture>
				<AcousticTexture Id="3670307564" Name="Drywall">
					<Properties>
						<Property Name="AbsorptionLow" Type="Real32" Value="2"/>
						<Property Name="AbsorptionMidLow" Type="Real32" Value="2"/>
						<Property Name="AbsorptionMidHigh" Type="Real32" Value="2"/>
						<Property Name="AbsorptionHigh" Type="Real32" Value="2"/>
						<Property Name="Scattering" Type="Real32" Value="0"/>
					</Properties>
				</AcousticTexture>
				<AcousticTexture Id="4168643977" Name="Acoustic_Banner">
					<Properties>
						<Property Name="AbsorptionLow" Type="Real32" Value="37"/>
						<Property Name="AbsorptionMidLow" Type="Real32" Value="100"/>
						<Property Name="AbsorptionMidHigh" Type="Real32" Value="100"/>
						<Property Name="AbsorptionHigh" Type="Real32" Value="100"/>
						<Property Name="Scattering" Type="Real32" Value="0"/>
					</Properties>
				</AcousticTexture>
				<AcousticTexture Id="4262522749" Name="Wood_Bright">
					<Properties>
						<Property Name="AbsorptionLow" Type="Real32" Value="32"/>
						<Property Name="AbsorptionMidLow" Type="Real32" Value="25"/>
						<Property Name="AbsorptionMidHigh" Type="Real32" Value="10"/>
						<Property Name="AbsorptionHigh" Type="Real32" Value="9"/>
						<Property Name="Scattering" Type="Real32" Value="0"/>
					</Properties>
				</AcousticTexture>
			</AcousticTextures>
		</SoundBank>
		<SoundBank Id="3161908922" Type="User" Language="SFX" Hash="{918678E9-B744-64D7-CD86-92BE281DB5FC}">
			<ShortName>Main</ShortName>
			<Path>Main.bnk</Path>
			<Media>
				<File Id="21450614" Language="SFX" Streaming="false" Location="Memory">
					<ShortName>JumpGravel1.wav</ShortName>
					<CachePath>SFX/JumpGravel1_CD6D7486.wem</CachePath>
				</File>
				<File Id="31399390" Language="SFX" Streaming="false" Location="Memory">
					<ShortName>Equip_Blade.wav</ShortName>
					<CachePath>SFX/Equip_Blade_C7CBF045.wem</CachePath>
				</File>
				<File Id="45162129" Language="SFX" Streaming="false" Location="Memory">
					<ShortName>Skeleton_Death4.wav</ShortName>
					<CachePath>SFX/Skeleton_Death4_C7CBF045.wem</CachePath>
				</File>
				<File Id="62161624" Language="SFX" Streaming="false" Location="Memory">
					<ShortName>Skeleton_Death2.wav</ShortName>
					<CachePath>SFX/Skeleton_Death2_C7CBF045.wem</CachePath>
				</File>
				<File Id="66535431" Language="SFX" Streaming="false" Location="Memory">
					<ShortName>FootstepStone3.wav</ShortName>
					<CachePath>SFX/FootstepStone3_B1E5A22B.wem</CachePath>
				</File>
				<File Id="76519647" Language="SFX" Streaming="false" Location="Memory">
					<ShortName>Open_Gate.wav</ShortName>
					<CachePath>SFX/Open_Gate_C7CBF045.wem</CachePath>
				</File>
				<File Id="87734365" Language="SFX" Streaming="false" Location="Memory">
					<ShortName>Combat Music.wav</ShortName>
					<CachePath>SFX/Combat Music_F93BF523.wem</CachePath>
				</File>
				<File Id="113363503" Language="SFX" Streaming="false" Location="Memory">
					<ShortName>HitSkeleton3.wav</ShortName>
					<CachePath>SFX/HitSkeleton3_C7CBF045.wem</CachePath>
				</File>
				<File Id="132964094" Language="SFX" Streaming="false" Location="Memory">
					<ShortName>Skeleton_Death.wav</ShortName>
					<CachePath>SFX/Skeleton_Death_C7CBF045.wem</CachePath>
				</File>
				<File Id="162443735" Language="SFX" Streaming="false" Location="Memory">
					<ShortName>PerfectParryStinger.wav</ShortName>
					<CachePath>SFX/PerfectParryStinger_3D14C602.wem</CachePath>
				</File>
				<File Id="205507889" Language="SFX" Streaming="false" Location="Memory">
					<ShortName>2Hand2.wav</ShortName>
					<CachePath>SFX/2Hand2_C7CBF045.wem</CachePath>
				</File>
				<File Id="218368169" Language="SFX" Streaming="false" Location="Memory">
					<ShortName>JumpStone.wav</ShortName>
					<CachePath>SFX/JumpStone_50CC79CB.wem</CachePath>
				</File>
				<File Id="244195078" Language="SFX" Streaming="false" Location="Memory">
					<ShortName>Firebolt.wav</ShortName>
					<CachePath>SFX/Firebolt_C7CBF045.wem</CachePath>
				</File>
				<File Id="249291889" Language="SFX" Streaming="false" Location="Memory">
					<ShortName>2Hand3.wav</ShortName>
					<CachePath>SFX/2Hand3_C7CBF045.wem</CachePath>
				</File>
				<File Id="266045855" Language="SFX" Streaming="false" Location="Memory">
					<ShortName>FistSwing3.wav</ShortName>
					<CachePath>SFX/FistSwing3_07CC845F.wem</CachePath>
				</File>
				<File Id="277656132" Language="SFX" Streaming="false" Location="Memory">
					<ShortName>FootstepGravel6.wav</ShortName>
					<CachePath>SFX/FootstepGravel6_CD6D7486.wem</CachePath>
				</File>
				<File Id="303371798" Language="SFX" Streaming="false" Location="Memory">
					<ShortName>chop3.wav</ShortName>
					<CachePath>SFX/chop3_44B7B028.wem</CachePath>
				</File>
				<File Id="314159650" Language="SFX" Streaming="false" Location="Memory">
					<ShortName>Skeleton_Death3.wav</ShortName>
					<CachePath>SFX/Skeleton_Death3_C7CBF045.wem</CachePath>
				</File>
				<File Id="326772382" Language="SFX" Streaming="false" Location="Memory">
					<ShortName>BoneStep1.wav</ShortName>
					<CachePath>SFX/BoneStep1_C7CBF045.wem</CachePath>
				</File>
				<File Id="330704271" Language="SFX" Streaming="false" Location="Memory">
					<ShortName>FootstepStone1.wav</ShortName>
					<CachePath>SFX/FootstepStone1_0EB2837D.wem</CachePath>
				</File>
				<File Id="331740130" Language="SFX" Streaming="false" Location="Memory">
					<ShortName>Necrobane Title Track.wav</ShortName>
					<CachePath>SFX/Necrobane Title Track_F93BF523.wem</CachePath>
				</File>
				<File Id="361689572" Language="SFX" Streaming="false" Location="Memory">
					<ShortName>FistSwing1.wav</ShortName>
					<CachePath>SFX/FistSwing1_72CB0EFF.wem</CachePath>
				</File>
				<File Id="392231127" Language="SFX" Streaming="false" Location="Memory">
					<ShortName>Lever.wav</ShortName>
					<CachePath>SFX/Lever_C7CBF045.wem</CachePath>
				</File>
				<File Id="395948427" Language="SFX" Streaming="false" Location="Memory">
					<ShortName>Exploration Intro.wav</ShortName>
					<CachePath>SFX/Exploration Intro_F93BF523.wem</CachePath>
				</File>
				<File Id="424456809" Language="SFX" Streaming="false" Location="Memory">
					<ShortName>FootstepGravel2.wav</ShortName>
					<CachePath>SFX/FootstepGravel2_4D51242E.wem</CachePath>
				</File>
				<File Id="426715762" Language="SFX" Streaming="false" Location="Memory">
					<ShortName>2Hand1.wav</ShortName>
					<CachePath>SFX/2Hand1_C7CBF045.wem</CachePath>
				</File>
				<File Id="457189610" Language="SFX" Streaming="false" Location="Memory">
					<ShortName>HitSkeleton.wav</ShortName>
					<CachePath>SFX/HitSkeleton_C7CBF045.wem</CachePath>
				</File>
				<File Id="474165601" Language="SFX" Streaming="false" Location="Memory">
					<ShortName>Exploration Main.wav</ShortName>
					<CachePath>SFX/Exploration Main_F93BF523.wem</CachePath>
				</File>
				<File Id="489363982" Language="SFX" Streaming="false" Location="Memory">
					<ShortName>ButtonSFX.wav</ShortName>
					<CachePath>SFX/ButtonSFX_C7CBF045.wem</CachePath>
				</File>
				<File Id="502519958" Language="SFX" Streaming="false" Location="Memory">
					<ShortName>chop2.wav</ShortName>
					<CachePath>SFX/chop2_77251A79.wem</CachePath>
				</File>
				<File Id="522520838" Language="SFX" Streaming="false" Location="Memory">
					<ShortName>Unlock_Gate.wav</ShortName>
					<CachePath>SFX/Unlock_Gate_C7CBF045.wem</CachePath>
				</File>
				<File Id="551142929" Language="SFX" Streaming="false" Location="Memory">
					<ShortName>chop1.wav</ShortName>
					<CachePath>SFX/chop1_B29FA329.wem</CachePath>
				</File>
				<File Id="565521538" Language="SFX" Streaming="false" Location="Memory">
					<ShortName>FistSwing2.wav</ShortName>
					<CachePath>SFX/FistSwing2_39D2951C.wem</CachePath>
				</File>
				<File Id="570984170" Language="SFX" Streaming="false" Location="Memory">
					<ShortName>HitSkeleton2.wav</ShortName>
					<CachePath>SFX/HitSkeleton2_C7CBF045.wem</CachePath>
				</File>
				<File Id="586886967" Language="SFX" Streaming="false" Location="Memory">
					<ShortName>Parry2.wav</ShortName>
					<CachePath>SFX/Parry2_119A3B2A.wem</CachePath>
				</File>
				<File Id="647251812" Language="SFX" Streaming="false" Location="Memory">
					<ShortName>Firebolt_Explosion.wav</ShortName>
					<CachePath>SFX/Firebolt_Explosion_C7CBF045.wem</CachePath>
				</File>
				<File Id="660831382" Language="SFX" Streaming="false" Location="Memory">
					<ShortName>FootstepStone2.wav</ShortName>
					<CachePath>SFX/FootstepStone2_2494716E.wem</CachePath>
				</File>
				<File Id="704861748" Language="SFX" Streaming="false" Location="Memory">
					<ShortName>FootstepGravel1.wav</ShortName>
					<CachePath>SFX/FootstepGravel1_D72A91EC.wem</CachePath>
				</File>
				<File Id="710961184" Language="SFX" Streaming="false" Location="Memory">
					<ShortName>FootstepGravel4.wav</ShortName>
					<CachePath>SFX/FootstepGravel4_1214EF90.wem</CachePath>
				</File>
				<File Id="725154703" Language="SFX" Streaming="false" Location="Memory">
					<ShortName>JumpGravel2.wav</ShortName>
					<CachePath>SFX/JumpGravel2_375876C5.wem</CachePath>
				</File>
				<File Id="725457929" Language="SFX" Streaming="false" Location="Memory">
					<ShortName>Drop_Item.wav</ShortName>
					<CachePath>SFX/Drop_Item_C7CBF045.wem</CachePath>
				</File>
				<File Id="754982117" Language="SFX" Streaming="false" Location="Memory">
					<ShortName>FootstepStone6.wav</ShortName>
					<CachePath>SFX/FootstepStone6_7E86A69D.wem</CachePath>
				</File>
				<File Id="841486209" Language="SFX" Streaming="false" Location="Memory">
					<ShortName>Ambiance.wav</ShortName>
					<CachePath>SFX/Ambiance_F93BF523.wem</CachePath>
				</File>
				<File Id="843067243" Language="SFX" Streaming="false" Location="Memory">
					<ShortName>BoneStep2.wav</ShortName>
					<CachePath>SFX/BoneStep2_C7CBF045.wem</CachePath>
				</File>
				<File Id="878205616" Language="SFX" Streaming="false" Location="Memory">
					<ShortName>BoneStep3.wav</ShortName>
					<CachePath>SFX/BoneStep3_C7CBF045.wem</CachePath>
				</File>
				<File Id="887709094" Language="SFX" Streaming="false" Location="Memory">
					<ShortName>Boss Music.wav</ShortName>
					<CachePath>SFX/Boss Music_F93BF523.wem</CachePath>
				</File>
				<File Id="893033890" Language="SFX" Streaming="false" Location="Memory">
					<ShortName>SecretWall.wav</ShortName>
					<CachePath>SFX/SecretWall_F93BF523.wem</CachePath>
				</File>
				<File Id="896910572" Language="SFX" Streaming="false" Location="Memory">
					<ShortName>FootstepStone5.wav</ShortName>
					<CachePath>SFX/FootstepStone5_B1E5A22B.wem</CachePath>
				</File>
				<File Id="948938455" Language="SFX" Streaming="false" Location="Memory">
					<ShortName>Death.wav</ShortName>
					<CachePath>SFX/Death_F93BF523.wem</CachePath>
				</File>
				<File Id="957006871" Language="SFX" Streaming="false" Location="Memory">
					<ShortName>Firewall.wav</ShortName>
					<CachePath>SFX/Firewall_C7CBF045.wem</CachePath>
				</File>
				<File Id="959077550" Language="SFX" Streaming="false" Location="Memory">
					<ShortName>Key_Pickup.wav</ShortName>
					<CachePath>SFX/Key_Pickup_432139AC.wem</CachePath>
				</File>
				<File Id="974454091" Language="SFX" Streaming="false" Location="Memory">
					<ShortName>Parry3.wav</ShortName>
					<CachePath>SFX/Parry3_438BD549.wem</CachePath>
				</File>
				<File Id="980383192" Language="SFX" Streaming="false" Location="Memory">
					<ShortName>FootstepGravel3.wav</ShortName>
					<CachePath>SFX/FootstepGravel3_1214EF90.wem</CachePath>
				</File>
				<File Id="980660262" Language="SFX" Streaming="false" Location="Memory">
					<ShortName>Equip_Fist.wav</ShortName>
					<CachePath>SFX/Equip_Fist_D5D41D9D.wem</CachePath>
				</File>
				<File Id="998192457" Language="SFX" Streaming="false" Location="Memory">
					<ShortName>Parry1.wav</ShortName>
					<CachePath>SFX/Parry1_5DA9774B.wem</CachePath>
				</File>
				<File Id="1002423227" Language="SFX" Streaming="false" Location="Memory">
					<ShortName>FootstepStone4.wav</ShortName>
					<CachePath>SFX/FootstepStone4_92E6DDE6.wem</CachePath>
				</File>
				<File Id="1048641856" Language="SFX" Streaming="false" Location="Memory">
					<ShortName>FootstepGravel5.wav</ShortName>
					<CachePath>SFX/FootstepGravel5_55758AB2.wem</CachePath>
				</File>
			</Media>
			<Events>
				<Event Id="2616876087" Name="Play_Ambi" DurationType="Infinite">
					<MediaRefs>
						<MediaRef Id="841486209"/>
					</MediaRefs>
				</Event>
				<Event Id="1512643089" Name="Play_BoneSteps" MaxAttenuation="20" DurationType="OneShot" DurationMin="0.58037287" DurationMax="0.73291546">
					<MediaRefs>
						<MediaRef Id="326772382"/>
						<MediaRef Id="843067243"/>
						<MediaRef Id="878205616"/>
					</MediaRefs>
				</Event>
				<Event Id="1693071901" Name="Play_Boss" DurationType="Infinite">
					<MediaRefs>
						<MediaRef Id="887709094"/>
					</MediaRefs>
				</Event>
				<Event Id="1875815139" Name="Play_ButtonSFX" DurationType="OneShot" DurationMin="0.82172" DurationMax="0.82172">
					<MediaRefs>
						<MediaRef Id="489363982"/>
					</MediaRefs>
				</Event>
				<Event Id="3488755065" Name="Play_Chops" DurationType="OneShot" DurationMin="0.12909532" DurationMax="0.34744823">
					<MediaRefs>
						<MediaRef Id="303371798"/>
						<MediaRef Id="502519958"/>
						<MediaRef Id="551142929"/>
					</MediaRefs>
				</Event>
				<Event Id="1363530945" Name="Play_Drop_Item" DurationType="OneShot" DurationMin="0.44493505" DurationMax="0.56187975">
					<MediaRefs>
						<MediaRef Id="725457929"/>
					</MediaRefs>
				</Event>
				<Event Id="1527095013" Name="Play_Equip_Blade" DurationType="OneShot" DurationMin="0.5" DurationMax="0.5">
					<MediaRefs>
						<MediaRef Id="31399390"/>
					</MediaRefs>
				</Event>
				<Event Id="1554763031" Name="Play_Equip_Fist" DurationType="OneShot" DurationMin="0.34885338" DurationMax="0.34885338">
					<MediaRefs>
						<MediaRef Id="980660262"/>
					</MediaRefs>
				</Event>
				<Event Id="79128399" Name="Play_Firebolt" MaxAttenuation="20" DurationType="OneShot" DurationMin="6.33495" DurationMax="10.102684">
					<MediaRefs>
						<MediaRef Id="244195078"/>
					</MediaRefs>
				</Event>
				<Event Id="38142515" Name="Play_Firebolt_Explosion" DurationType="OneShot" DurationMin="0.75002265" DurationMax="0.75002265">
					<MediaRefs>
						<MediaRef Id="647251812"/>
					</MediaRefs>
				</Event>
				<Event Id="4110807830" Name="Play_Firewall" DurationType="OneShot" DurationMin="5.217415" DurationMax="5.217415">
					<MediaRefs>
						<MediaRef Id="957006871"/>
					</MediaRefs>
				</Event>
				<Event Id="1452450734" Name="Play_FistSwing" DurationType="OneShot" DurationMin="0.2633165" DurationMax="0.3989179">
					<MediaRefs>
						<MediaRef Id="266045855"/>
						<MediaRef Id="361689572"/>
						<MediaRef Id="565521538"/>
					</MediaRefs>
				</Event>
				<Event Id="3854155799" Name="Play_Footsteps" MaxAttenuation="20" DurationType="OneShot" DurationMin="0.26353073" DurationMax="0.451437">
					<SwitchContainers>
						<SwitchContainer>
							<SwitchValue GroupType="Switch" GroupId="3865314626" Id="2185786256" Default="true"/>
							<MediaRefs>
								<MediaRef Id="277656132"/>
								<MediaRef Id="424456809"/>
								<MediaRef Id="704861748"/>
								<MediaRef Id="710961184"/>
								<MediaRef Id="980383192"/>
								<MediaRef Id="1048641856"/>
							</MediaRefs>
						</SwitchContainer>
						<SwitchContainer>
							<SwitchValue GroupType="Switch" GroupId="3865314626" Id="1216965916"/>
							<MediaRefs>
								<MediaRef Id="66535431"/>
								<MediaRef Id="330704271"/>
								<MediaRef Id="660831382"/>
								<MediaRef Id="754982117"/>
								<MediaRef Id="896910572"/>
								<MediaRef Id="1002423227"/>
							</MediaRefs>
						</SwitchContainer>
					</SwitchContainers>
				</Event>
				<Event Id="372480478" Name="Play_HitBones" DurationType="OneShot" DurationMin="0.4385561" DurationMax="0.5700525">
					<MediaRefs>
						<MediaRef Id="113363503"/>
						<MediaRef Id="457189610"/>
						<MediaRef Id="570984170"/>
					</MediaRefs>
				</Event>
				<Event Id="3689126666" Name="Play_Jump" DurationType="OneShot" DurationMin="0.23491521" DurationMax="0.4515745">
					<SwitchContainers>
						<SwitchContainer>
							<SwitchValue GroupType="Switch" GroupId="3865314626" Id="2185786256" Default="true"/>
							<MediaRefs>
								<MediaRef Id="21450614"/>
								<MediaRef Id="725154703"/>
							</MediaRefs>
						</SwitchContainer>
						<SwitchContainer>
							<SwitchValue GroupType="Switch" GroupId="3865314626" Id="1216965916"/>
							<MediaRefs>
								<MediaRef Id="218368169"/>
							</MediaRefs>
						</SwitchContainer>
					</SwitchContainers>
				</Event>
				<Event Id="2881789206" Name="Play_Key_Pickup" DurationType="OneShot" DurationMin="0.14948097" DurationMax="0.14948097">
					<MediaRefs>
						<MediaRef Id="959077550"/>
					</MediaRefs>
				</Event>
				<Event Id="3196500978" Name="Play_Lever" DurationType="OneShot" DurationMin="0.5" DurationMax="0.5">
					<MediaRefs>
						<MediaRef Id="392231127"/>
					</MediaRefs>
				</Event>
				<Event Id="1278378707" Name="Play_Menu" DurationType="Infinite">
					<MediaRefs>
						<MediaRef Id="331740130"/>
					</MediaRefs>
				</Event>
				<Event Id="2932040671" Name="Play_Music" DurationType="Infinite">
					<SwitchContainers>
						<SwitchContainer>
							<SwitchValue GroupType="State" GroupId="1069431850" Id="655265632"/>
							<Children>
								<SwitchContainer>
									<SwitchValue GroupType="Switch" GroupId="3991942870" Id="2582085496"/>
									<MediaRefs>
										<MediaRef Id="395948427"/>
										<MediaRef Id="474165601"/>
									</MediaRefs>
								</SwitchContainer>
							</Children>
						</SwitchContainer>
						<SwitchContainer>
							<SwitchValue GroupType="State" GroupId="1069431850" Id="655265632"/>
							<Children>
								<SwitchContainer>
									<SwitchValue GroupType="Switch" GroupId="3991942870" Id="2764240573"/>
									<MediaRefs>
										<MediaRef Id="87734365"/>
									</MediaRefs>
								</SwitchContainer>
							</Children>
						</SwitchContainer>
						<SwitchContainer>
							<SwitchValue GroupType="State" GroupId="1069431850" Id="655265632"/>
							<Children>
								<SwitchContainer>
									<SwitchValue GroupType="Switch" GroupId="3991942870" Id="580146960"/>
									<MediaRefs>
										<MediaRef Id="887709094"/>
									</MediaRefs>
								</SwitchContainer>
							</Children>
						</SwitchContainer>
						<SwitchContainer>
							<SwitchValue GroupType="State" GroupId="1069431850" Id="2044049779"/>
							<Children>
								<SwitchContainer>
									<SwitchValue GroupType="Switch" GroupId="3991942870" Id="2582085496"/>
									<MediaRefs>
										<MediaRef Id="948938455"/>
									</MediaRefs>
								</SwitchContainer>
							</Children>
						</SwitchContainer>
						<SwitchContainer>
							<SwitchValue GroupType="State" GroupId="1069431850" Id="2044049779"/>
							<Children>
								<SwitchContainer>
									<SwitchValue GroupType="Switch" GroupId="3991942870" Id="2764240573"/>
									<MediaRefs>
										<MediaRef Id="948938455"/>
									</MediaRefs>
								</SwitchContainer>
							</Children>
						</SwitchContainer>
						<SwitchContainer>
							<SwitchValue GroupType="State" GroupId="1069431850" Id="2044049779"/>
							<Children>
								<SwitchContainer>
									<SwitchValue GroupType="Switch" GroupId="3991942870" Id="580146960"/>
									<MediaRefs>
										<MediaRef Id="948938455"/>
									</MediaRefs>
								</SwitchContainer>
							</Children>
						</SwitchContainer>
						<SwitchContainer>
							<SwitchValue GroupType="State" GroupId="1069431850" Id="1560169506"/>
							<Children>
								<SwitchContainer>
									<SwitchValue GroupType="Switch" GroupId="3991942870" Id="2764240573"/>
									<MediaRefs>
										<MediaRef Id="887709094"/>
									</MediaRefs>
								</SwitchContainer>
							</Children>
						</SwitchContainer>
						<SwitchContainer>
							<SwitchValue GroupType="State" GroupId="1069431850" Id="1560169506"/>
							<Children>
								<SwitchContainer>
									<SwitchValue GroupType="Switch" GroupId="3991942870" Id="2582085496"/>
									<MediaRefs>
										<MediaRef Id="887709094"/>
									</MediaRefs>
								</SwitchContainer>
							</Children>
						</SwitchContainer>
						<SwitchContainer>
							<SwitchValue GroupType="State" GroupId="1069431850" Id="1560169506"/>
							<Children>
								<SwitchContainer>
									<SwitchValue GroupType="Switch" GroupId="3991942870" Id="580146960"/>
									<MediaRefs>
										<MediaRef Id="887709094"/>
									</MediaRefs>
								</SwitchContainer>
							</Children>
						</SwitchContainer>
					</SwitchContainers>
				</Event>
				<Event Id="1127904212" Name="Play_Open_Gate" MaxAttenuation="20" DurationType="OneShot" DurationMin="1.6646712" DurationMax="1.6646712">
					<MediaRefs>
						<MediaRef Id="76519647"/>
					</MediaRefs>
				</Event>
				<Event Id="4115969904" Name="Play_Parry" DurationType="OneShot" DurationMin="0.30774802" DurationMax="0.5700525">
					<MediaRefs>
						<MediaRef Id="586886967"/>
						<MediaRef Id="974454091"/>
						<MediaRef Id="998192457"/>
					</MediaRefs>
				</Event>
				<Event Id="2908761997" Name="Play_PerfectParryStinger" DurationType="OneShot" DurationMin="1.5" DurationMax="1.5">
					<MediaRefs>
						<MediaRef Id="162443735"/>
					</MediaRefs>
				</Event>
				<Event Id="2507006415" Name="Play_SkeletonDeath" MaxAttenuation="20" DurationType="OneShot" DurationMin="0.5474827" DurationMax="1.0099049">
					<MediaRefs>
						<MediaRef Id="45162129"/>
						<MediaRef Id="62161624"/>
						<MediaRef Id="132964094"/>
						<MediaRef Id="314159650"/>
					</MediaRefs>
				</Event>
				<Event Id="2078302632" Name="Play_SW" MaxAttenuation="15" DurationType="Infinite">
					<MediaRefs>
						<MediaRef Id="893033890"/>
					</MediaRefs>
				</Event>
				<Event Id="1187857689" Name="Play_Swings2H" MaxAttenuation="20" DurationType="OneShot" DurationMin="0.5" DurationMax="0.5">
					<MediaRefs>
						<MediaRef Id="205507889"/>
						<MediaRef Id="249291889"/>
						<MediaRef Id="426715762"/>
					</MediaRefs>
				</Event>
				<Event Id="356987792" Name="Play_Unlock_Gate" MaxAttenuation="20" DurationType="OneShot" DurationMin="1" DurationMax="1">
					<MediaRefs>
						<MediaRef Id="522520838"/>
					</MediaRefs>
				</Event>
				<Event Id="1937570009" Name="Stop_Ambi" MaxAttenuation="0" DurationType="OneShot" DurationMin="0" DurationMax="0"/>
				<Event Id="3511702883" Name="Stop_Boss" MaxAttenuation="0" DurationType="OneShot" DurationMin="0" DurationMax="0"/>
				<Event Id="2555710829" Name="Stop_Firebolt" MaxAttenuation="0" DurationType="OneShot" DurationMin="0" DurationMax="0"/>
				<Event Id="2914981333" Name="Stop_Menu" MaxAttenuation="0" DurationType="OneShot" DurationMin="0" DurationMax="0"/>
				<Event Id="2837384057" Name="Stop_Music" MaxAttenuation="0" DurationType="OneShot" DurationMin="0" DurationMax="0"/>
			</Events>
			<GameParameters>
				<GameParameter Id="876875105" Name="SecretWall"/>
			</GameParameters>
			<StateGroups>
				<StateGroup Id="1069431850" Name="Player">
					<States>
						<State Id="655265632" Name="Alive"/>
						<State Id="748895195" Name="None"/>
						<State Id="1560169506" Name="Boss"/>
						<State Id="2044049779" Name="Dead"/>
					</States>
				</StateGroup>
			</StateGroups>
			<SwitchGroups>
				<SwitchGroup Id="3865314626" Name="Material">
					<Switches>
						<Switch Id="1216965916" Name="Stone"/>
						<Switch Id="2185786256" Name="Gravel"/>
					</Switches>
				</SwitchGroup>
				<SwitchGroup Id="3991942870" Name="Music">
					<Switches>
						<Switch Id="580146960" Name="Bossfight"/>
						<Switch Id="2582085496" Name="Exploration"/>
						<Switch Id="2764240573" Name="Combat"/>
					</Switches>
				</SwitchGroup>
			</SwitchGroups>
		</SoundBank>
	</SoundBanks>
	<FileHash>{B8767484-A6E6-728B-5208-32FF420CF131}</FileHash>
</SoundBanksInfo>
