<?xml version="1.0" encoding="utf-8"?>
<ProjectInfo>
	<Project Name="project-id-gameoff2024_WwiseProject" GUID="{A290336A-4896-48BF-855F-969477F6CA2D}" Generator="2023.1.8.8601"/>
	<CacheRoot>../../../../project-id-gameoff2024_WwiseProject/.cache</CacheRoot>
	<Platforms>
		<Platform Name="Linux" GUID="{AAE3EEFA-28AC-4D72-9944-6A7BC55ECF4A}" BasePlatform="Linux" BasePlatformGUID="{BD0BDF13-3125-454F-8BFD-319537169F81}" Path="../../../../project-id-gameoff2024_WwiseProject/GeneratedSoundBanks/Linux"/>
		<Platform Name="Mac" GUID="{A8A3C3A4-B117-4F15-878D-53044DCE4A89}" BasePlatform="Mac" BasePlatformGUID="{9C6217D5-DD11-4795-87C1-6CE02853C540}" Path="../../../../project-id-gameoff2024_WwiseProject/GeneratedSoundBanks/Mac"/>
		<Platform Name="Windows" GUID="{575EE7EC-F8F0-417E-ADB2-9A97BB287226}" BasePlatform="Windows" BasePlatformGUID="{6E0CB257-C6C8-4C5C-8366-2740DFC441EB}" Path="../../../../project-id-gameoff2024_WwiseProject/GeneratedSoundBanks/Windows"/>
	</Platforms>
	<Languages>
		<Language Name="English(US)" Id="684519430" GUID="{35646BFA-A94D-4BAD-B420-9B67E4CFAB7B}" Default="true" UseAsStandIn="true"/>
	</Languages>
	<FileHash>{C8018462-4855-E2E4-CB5D-6FA4E3034ABB}</FileHash>
</ProjectInfo>
